name,values
Accuracy,0.9824561403508771
Precision,[1.         0.97560976]
Recall,[0.94117647 1.        ]
f1,[0.96969697 0.98765432]
mcc,0.958238460361173
roc_auc,[1. 1.]
