name,values
Accuracy,0.5862068965517241
Precision,[1.         0.42857143]
Recall,[0.4 1. ]
f1,[0.57142857 0.6       ]
mcc,0.41403933560541256
roc_auc,[0.75833333 0.75833333]
