name,values
Accuracy,0.9928057553956835
Precision,[1.         0.99212598]
Recall,[0.92307692 1.        ]
f1,[0.96       0.99604743]
mcc,0.9569788925822611
roc_auc,[0.93833944 0.93833944]
