name,values
Accuracy,0.993103448275862
Precision,[1.        0.9924812]
Recall,[0.92307692 1.        ]
f1,[0.96       0.99622642]
mcc,0.9571501946318893
roc_auc,[0.99941725 0.99941725]
