name,values
Accuracy,0.9876543209876543
Precision,[0.91666667 1.        ]
Recall,[1.         0.98571429]
f1,[0.95652174 0.99280576]
mcc,0.9505637425083225
roc_auc,[1. 1.]
