name,values
Accuracy,0.9902912621359223
Precision,[0.91666667 1.        ]
Recall,[1.         0.98913043]
f1,[0.95652174 0.99453552]
mcc,0.9522094824935975
roc_auc,[1. 1.]
