name,values
Accuracy,0.9955156950672646
Precision,[1.    0.995]
Recall,[0.95833333 1.        ]
f1,[0.9787234  0.99749373]
mcc,0.9764945809714802
roc_auc,[1. 1.]
