name,values
Accuracy,0.9921259842519685
Precision,[0.88888889 1.        ]
Recall,[1.         0.99159664]
f1,[0.94117647 0.99578059]
mcc,0.9388393016701052
roc_auc,[1. 1.]
