name,values
Accuracy,0.9907407407407407
Precision,[0.92857143 1.        ]
Recall,[1.         0.98947368]
f1,[0.96296296 0.99470899]
mcc,0.9585389885034427
roc_auc,[1. 1.]
