name,values
Accuracy,0.972027972027972
Precision,[0.77777778 1.        ]
Recall,[1.         0.96899225]
f1,[0.875      0.98425197]
mcc,0.8681363011541261
roc_auc,[0.99889258 0.99889258]
