name,values
Accuracy,0.9607843137254902
Precision,[1.         0.95918367]
Recall,[0.5 1. ]
f1,[0.66666667 0.97916667]
mcc,0.6925256939166184
roc_auc,[0.92553191 0.92553191]
